probeID	p12	n_pairs	min_H4	retained
ENSG00000076685	1e-06	3	0.243409156711951	FALSE
ENSG00000076685	1e-05	3	0.762874913272421	TRUE
ENSG00000076685	5e-05	3	0.941472267794284	TRUE
ENSG00000141452	1e-06	3	0.15118991394877	FALSE
ENSG00000141452	1e-05	3	0.640442763188058	TRUE
ENSG00000141452	5e-05	3	0.899050996965675	TRUE
ENSG00000261556	1e-06	3	0.0220673699798372	FALSE
ENSG00000261556	1e-05	3	0.184108572021137	FALSE
ENSG00000261556	5e-05	3	0.530134003009754	TRUE
ENSG00000131626	1e-06	3	0.00289586094684933	FALSE
ENSG00000131626	1e-05	3	0.0282230394878061	FALSE
ENSG00000131626	5e-05	3	0.126800423950166	FALSE
ENSG00000223496	1e-06	3	0.0151026782262792	FALSE
ENSG00000223496	1e-05	3	0.132954993846996	FALSE
ENSG00000223496	5e-05	3	0.433977216589381	FALSE
ENSG00000213277	1e-06	3	0.199787327766694	FALSE
ENSG00000213277	1e-05	3	0.714014263120895	TRUE
ENSG00000213277	5e-05	3	0.925834671793847	TRUE
ENSG00000130940	1e-06	3	3.20915816726127e-28	FALSE
ENSG00000130940	1e-05	3	3.20915816726128e-27	FALSE
ENSG00000130940	5e-05	3	1.60457908363062e-26	FALSE
ENSG00000157322	1e-06	3	0.0743130166533732	FALSE
ENSG00000157322	1e-05	3	0.445303529261434	FALSE
ENSG00000157322	5e-05	3	0.8005559991448	TRUE
ENSG00000156374	1e-06	3	6.39416916737359e-19	FALSE
ENSG00000156374	1e-05	3	6.39416916737362e-18	FALSE
ENSG00000156374	5e-05	3	3.19708458368677e-17	FALSE
ENSG00000196696	1e-06	3	0.0738417298104388	FALSE
ENSG00000196696	1e-05	3	0.443606954330829	FALSE
ENSG00000196696	5e-05	3	0.799456651135382	TRUE
ENSG00000196821	1e-06	3	0.0606551494903784	FALSE
ENSG00000196821	1e-05	3	0.392362331862282	FALSE
ENSG00000196821	5e-05	3	0.763514438036822	TRUE
ENSG00000065060	1e-06	3	0.05509099032125	FALSE
ENSG00000065060	1e-05	3	0.368299864685928	FALSE
ENSG00000065060	5e-05	3	0.744581807552655	TRUE
ENSG00000178381	1e-06	3	4.66458500720311e-06	FALSE
ENSG00000178381	1e-05	3	4.66438919024658e-05	FALSE
ENSG00000178381	5e-05	3	0.000233175954576115	FALSE
ENSG00000174891	1e-06	3	0.0635224083984783	FALSE
ENSG00000174891	1e-05	3	0.404163267019382	FALSE
ENSG00000174891	5e-05	3	0.772290511015912	TRUE
ENSG00000124562	1e-06	3	0.0609669766144364	FALSE
ENSG00000124562	1e-05	3	0.39366479499234	FALSE
ENSG00000124562	5e-05	3	0.764498847177561	TRUE
ENSG00000185614	1e-06	3	0.00758538353879394	FALSE
ENSG00000185614	1e-05	3	0.0710063423258814	FALSE
ENSG00000185614	5e-05	3	0.276498985235768	FALSE
ENSG00000103051	1e-06	3	0.0432286348681526	FALSE
ENSG00000103051	1e-05	3	0.311208342448761	FALSE
ENSG00000103051	5e-05	3	0.693165797150403	TRUE
ENSG00000144580	1e-06	3	0.00527316869747165	FALSE
ENSG00000144580	1e-05	3	0.0503425062230095	FALSE
ENSG00000144580	5e-05	3	0.209521234839922	FALSE
ENSG00000135913	1e-06	3	0.0052254749116349	FALSE
ENSG00000135913	1e-05	3	0.0499076295226223	FALSE
ENSG00000135913	5e-05	3	0.208012503725158	FALSE
ENSG00000144161	1e-06	3	1.17446328266461e-07	FALSE
ENSG00000144161	1e-05	3	1.17446204123831e-06	FALSE
ENSG00000144161	5e-05	3	5.87228261909964e-06	FALSE
ENSG00000173915	1e-06	3	1.62343501181151e-17	FALSE
ENSG00000173915	1e-05	3	1.62343501181205e-16	FALSE
ENSG00000173915	5e-05	3	8.11717505905783e-16	FALSE
ENSG00000090857	1e-06	3	0.0660288299445633	FALSE
ENSG00000090857	1e-05	3	0.414166145522267	FALSE
ENSG00000090857	5e-05	3	0.779485201697135	TRUE
ENSG00000163482	1e-06	3	0.00524107946923039	FALSE
ENSG00000163482	1e-05	3	0.0500499526775744	FALSE
ENSG00000163482	5e-05	3	0.208506751254835	FALSE
ENSG00000148842	1e-06	3	0.162036608003009	FALSE
ENSG00000148842	1e-05	3	0.659133000058764	TRUE
ENSG00000148842	5e-05	3	0.90626591491036	TRUE
ENSG00000269947	1e-06	3	5.14656173811531e-11	FALSE
ENSG00000269947	1e-05	3	5.14656173573147e-10	FALSE
ENSG00000269947	5e-05	3	2.57328086256832e-09	FALSE
ENSG00000153037	1e-06	3	0.00535132145000634	FALSE
ENSG00000153037	1e-05	3	0.0510543407987718	FALSE
ENSG00000153037	5e-05	3	0.211981417803643	FALSE
ENSG00000178971	1e-06	3	2.22844474802322e-13	FALSE
ENSG00000178971	1e-05	3	2.22844474801991e-12	FALSE
ENSG00000178971	5e-05	3	1.11422237399949e-11	FALSE
ENSG00000269928	1e-06	3	2.228793113051e-13	FALSE
ENSG00000269928	1e-05	3	2.22879311304617e-12	FALSE
ENSG00000269928	5e-05	3	1.11439655651338e-11	FALSE
ENSG00000173531	1e-06	3	0.0158953433898559	FALSE
ENSG00000173531	1e-05	3	0.139059803887848	FALSE
ENSG00000173531	5e-05	3	0.446781582478558	FALSE
ENSG00000128266	1e-06	3	0.00297911348542587	FALSE
ENSG00000128266	1e-05	3	0.0290132314720512	FALSE
ENSG00000128266	5e-05	3	0.129981431879502	FALSE
ENSG00000164638	1e-06	3	0.000797142586105375	FALSE
ENSG00000164638	1e-05	3	0.0079146439632411	FALSE
ENSG00000164638	5e-05	3	0.0383588337677383	FALSE
ENSG00000178999	1e-06	3	2.22615780889763e-13	FALSE
ENSG00000178999	1e-05	3	2.22615780889318e-12	FALSE
ENSG00000178999	5e-05	3	1.11307890443667e-11	FALSE
ENSG00000167094	1e-06	3	0.00159253120324968	FALSE
ENSG00000167094	1e-05	3	0.0157002833128171	FALSE
ENSG00000167094	5e-05	3	0.0738627520314527	FALSE
ENSG00000111424	1e-06	3	0.00134419405491359	FALSE
ENSG00000111424	1e-05	3	0.0132812671460806	FALSE
ENSG00000111424	5e-05	3	0.0630564571211571	FALSE
ENSG00000207523	1e-06	3	0.00535147297674373	FALSE
ENSG00000207523	1e-05	3	0.0510557200137799	FALSE
ENSG00000207523	5e-05	3	0.211986173238309	FALSE
ENSG00000171056	1e-06	3	0.0704688808909848	FALSE
ENSG00000171056	1e-05	3	0.431208062530561	FALSE
ENSG00000171056	5e-05	3	0.791256163588083	TRUE
ENSG00000111087	1e-06	3	0.00167258267850617	FALSE
ENSG00000111087	1e-05	3	0.0164777826997476	FALSE
ENSG00000111087	5e-05	3	0.0772943551466441	FALSE
ENSG00000174807	1e-06	3	2.40916252646674e-05	FALSE
ENSG00000174807	1e-05	3	0.000240864027393685	FALSE
ENSG00000174807	5e-05	3	0.00120316094420593	FALSE
ENSG00000182179	1e-06	3	0.00364123940635576	FALSE
ENSG00000182179	1e-05	3	0.035256982051999	FALSE
ENSG00000182179	5e-05	3	0.154496577955654	FALSE
ENSG00000108592	1e-06	3	5.40178031430678e-21	FALSE
ENSG00000108592	1e-05	3	5.40178031430611e-20	FALSE
ENSG00000108592	5e-05	3	2.70089015715348e-19	FALSE
ENSG00000262468	1e-06	3	6.14428541671855e-08	FALSE
ENSG00000262468	1e-05	3	6.14428201901862e-07	FALSE
ENSG00000262468	5e-05	3	3.07213345908758e-06	FALSE
ENSG00000166272	1e-06	3	2.36966348300906e-17	FALSE
ENSG00000166272	1e-05	3	2.36966348300907e-16	FALSE
ENSG00000166272	5e-05	3	1.18483174150454e-15	FALSE
ENSG00000162407	1e-06	3	1.59500043891014e-06	FALSE
ENSG00000162407	1e-05	3	1.5949775430012e-05	FALSE
ENSG00000162407	5e-05	3	7.97437895679171e-05	FALSE
ENSG00000196498	1e-06	3	0.0233754809172083	FALSE
ENSG00000196498	1e-05	3	0.193125249015208	FALSE
ENSG00000196498	5e-05	3	0.544781778527644	TRUE
ENSG00000172757	1e-06	3	8.92277541028508e-12	FALSE
ENSG00000172757	1e-05	3	8.92277540956832e-11	FALSE
ENSG00000172757	5e-05	3	4.46138770319175e-10	FALSE
ENSG00000243389	1e-06	3	3.41413510110348e-07	FALSE
ENSG00000243389	1e-05	3	3.41412461044906e-06	FALSE
ENSG00000243389	5e-05	3	1.70703899304918e-05	FALSE
ENSG00000206337	1e-06	3	2.5427933795922e-11	FALSE
ENSG00000206337	1e-05	3	2.54279337901027e-10	FALSE
ENSG00000206337	5e-05	3	1.27139668821197e-09	FALSE
ENSG00000106034	1e-06	3	0.00149742852414775	FALSE
ENSG00000106034	1e-05	3	0.0147751624935763	FALSE
ENSG00000106034	5e-05	3	0.0697533444717214	FALSE
ENSG00000172732	1e-06	3	8.77397920893407e-12	FALSE
ENSG00000172732	1e-05	3	8.77397920824124e-11	FALSE
ENSG00000172732	5e-05	3	4.38698960258107e-10	FALSE
ENSG00000231852	1e-06	3	5.13912741973608e-13	FALSE
ENSG00000231852	1e-05	3	5.13912741971222e-12	FALSE
ENSG00000231852	5e-05	3	2.56956370980335e-11	FALSE
ENSG00000135972	1e-06	3	0.00130172580322571	FALSE
ENSG00000135972	1e-05	3	0.0128665199036504	FALSE
ENSG00000135972	5e-05	3	0.061183713640893	FALSE
ENSG00000248290	1e-06	3	5.14279668791533e-13	FALSE
ENSG00000248290	1e-05	3	5.14279668789153e-12	FALSE
ENSG00000248290	5e-05	3	2.57139834389282e-11	FALSE
ENSG00000169247	1e-06	3	1.26075155778161e-05	FALSE
ENSG00000169247	1e-05	3	0.000126060851950768	FALSE
ENSG00000169247	5e-05	3	0.000629986593167232	FALSE
ENSG00000166986	1e-06	3	0.00168501998682884	FALSE
ENSG00000166986	1e-05	3	0.0165984809193869	FALSE
ENSG00000166986	5e-05	3	0.0778252789651392	FALSE
ENSG00000167981	1e-06	3	2.16543535791446e-08	FALSE
ENSG00000167981	1e-05	3	2.16543493589458e-07	FALSE
ENSG00000167981	5e-05	3	1.08271653012644e-06	FALSE
ENSG00000244731	1e-06	3	5.09875553944121e-13	FALSE
ENSG00000244731	1e-05	3	5.09875553941768e-12	FALSE
ENSG00000244731	5e-05	3	2.54937776965679e-11	FALSE
ENSG00000240356	1e-06	3	1.21921997551874e-06	FALSE
ENSG00000240356	1e-05	3	1.21920659718999e-05	FALSE
ENSG00000240356	5e-05	3	6.09573570749916e-05	FALSE
ENSG00000215769	1e-06	3	0.0023085491992786	FALSE
ENSG00000215769	1e-05	3	0.0226156087828641	FALSE
ENSG00000215769	5e-05	3	0.103697330849081	FALSE
ENSG00000224389	1e-06	3	4.22628557478875e-13	FALSE
ENSG00000224389	1e-05	3	4.22628557477333e-12	FALSE
ENSG00000224389	5e-05	3	2.11314278735073e-11	FALSE
ENSG00000198231	1e-06	3	4.78970461002577e-16	FALSE
ENSG00000198231	1e-05	3	4.78970461002576e-15	FALSE
ENSG00000198231	5e-05	3	2.39485230501282e-14	FALSE
ENSG00000172543	1e-06	3	3.25490605143615e-10	FALSE
ENSG00000172543	1e-05	3	3.25490604190204e-09	FALSE
ENSG00000172543	5e-05	3	1.62745299976279e-08	FALSE
ENSG00000004864	1e-06	3	0.00911364880029425	FALSE
ENSG00000004864	1e-05	3	0.0842278782859164	FALSE
ENSG00000004864	5e-05	3	0.315009173972404	FALSE
ENSG00000204338	1e-06	3	4.94684688912508e-13	FALSE
ENSG00000204338	1e-05	3	4.94684688910281e-12	FALSE
ENSG00000204338	5e-05	3	2.47342344450245e-11	FALSE
ENSG00000172500	1e-06	3	3.1190557776936e-10	FALSE
ENSG00000172500	1e-05	3	3.11905576893789e-09	FALSE
ENSG00000172500	5e-05	3	1.55952786501191e-08	FALSE
ENSG00000198909	1e-06	3	4.44460275616086e-13	FALSE
ENSG00000198909	1e-05	3	4.4446027561431e-12	FALSE
ENSG00000198909	5e-05	3	2.22230137803205e-11	FALSE
ENSG00000127995	1e-06	3	0.0132625524467708	FALSE
ENSG00000127995	1e-05	3	0.118483037033341	FALSE
ENSG00000127995	5e-05	3	0.401928396715521	FALSE
ENSG00000141027	1e-06	3	0.00346927012894524	FALSE
ENSG00000141027	1e-05	3	0.033642274061219	FALSE
ENSG00000141027	5e-05	3	0.14826013758248	FALSE
ENSG00000128482	1e-06	3	0.000687937010905402	FALSE
ENSG00000128482	1e-05	3	0.00683703903925305	FALSE
ENSG00000128482	5e-05	3	0.0332751803674242	FALSE
ENSG00000082898	1e-06	3	1.45037384586957e-06	FALSE
ENSG00000082898	1e-05	3	1.45035491385806e-05	FALSE
ENSG00000082898	5e-05	3	7.25135388782056e-05	FALSE
ENSG00000114316	1e-06	3	2.92838969076851e-06	FALSE
ENSG00000114316	1e-05	3	2.92831251360693e-05	FALSE
ENSG00000114316	5e-05	3	0.000146398477660583	FALSE
ENSG00000166484	1e-06	3	0.00068591857251578	FALSE
ENSG00000166484	1e-05	3	0.00681710193371419	FALSE
ENSG00000166484	5e-05	3	0.0331807241534178	FALSE
ENSG00000266638	1e-06	3	1.29736948942064e-12	FALSE
ENSG00000266638	1e-05	3	1.29736948940549e-11	FALSE
ENSG00000266638	5e-05	3	6.48684744669084e-11	FALSE
ENSG00000236397	1e-06	3	7.09690175225296e-07	FALSE
ENSG00000236397	1e-05	3	7.09685642313161e-06	FALSE
ENSG00000236397	5e-05	3	3.54832748368076e-05	FALSE
ENSG00000175854	1e-06	3	0.00169431925608169	FALSE
ENSG00000175854	1e-05	3	0.0166887085583903	FALSE
ENSG00000175854	5e-05	3	0.0782218557761718	FALSE
ENSG00000254614	1e-06	3	2.20145306595832e-12	FALSE
ENSG00000254614	1e-05	3	2.201453065915e-11	FALSE
ENSG00000254614	5e-05	3	1.10072653286057e-10	FALSE
ENSG00000205609	1e-06	3	0.00975338006134873	FALSE
ENSG00000205609	1e-05	3	0.0896631330834038	FALSE
ENSG00000205609	5e-05	3	0.329970801767097	FALSE
ENSG00000158517	1e-06	3	0.00120622212496648	FALSE
ENSG00000158517	1e-05	3	0.0119326800851054	FALSE
ENSG00000158517	5e-05	3	0.0569453574923687	FALSE
ENSG00000138131	1e-06	3	0.00112797472173881	FALSE
ENSG00000138131	1e-05	3	0.0111663885809166	FALSE
ENSG00000138131	5e-05	3	0.0534448012318447	FALSE
ENSG00000146556	1e-06	3	7.09689584961342e-07	FALSE
ENSG00000146556	1e-05	3	7.09685052056608e-06	FALSE
ENSG00000146556	5e-05	3	3.5483245325677e-05	FALSE
ENSG00000174483	1e-06	3	5.91340698354016e-12	FALSE
ENSG00000174483	1e-05	3	5.91340698322548e-11	FALSE
ENSG00000174483	5e-05	3	2.95670349091333e-10	FALSE
ENSG00000014216	1e-06	3	2.77802886064748e-12	FALSE
ENSG00000014216	1e-05	3	2.77802886057765e-11	FALSE
ENSG00000014216	5e-05	3	1.38901443013461e-10	FALSE
ENSG00000255200	1e-06	3	2.51783442667347e-12	FALSE
ENSG00000255200	1e-05	3	2.51783442661648e-11	FALSE
ENSG00000255200	5e-05	3	1.25891721318135e-10	FALSE
ENSG00000184110	1e-06	3	0.00988776490060587	FALSE
ENSG00000184110	1e-05	3	0.0907975826490632	FALSE
ENSG00000184110	5e-05	3	0.333033401907087	FALSE
ENSG00000040199	1e-06	3	0.00275384233660333	FALSE
ENSG00000040199	1e-05	3	0.0268724021377929	FALSE
ENSG00000040199	5e-05	3	0.12132123827757	FALSE
ENSG00000213676	1e-06	3	2.16285588287446e-13	FALSE
ENSG00000213676	1e-05	3	2.16285588287026e-12	FALSE
ENSG00000213676	5e-05	3	1.08142794142576e-11	FALSE
ENSG00000257499	1e-06	3	0.00162794700578305	FALSE
ENSG00000257499	1e-05	3	0.0160443952312437	FALSE
ENSG00000257499	5e-05	3	0.075384012587909	FALSE
ENSG00000229043	1e-06	3	1.45421181958942e-06	FALSE
ENSG00000229043	1e-05	3	1.45419278725095e-05	FALSE
ENSG00000229043	5e-05	3	7.27054102552069e-05	FALSE
ENSG00000007312	1e-06	3	2.42081128031377e-21	FALSE
ENSG00000007312	1e-05	3	2.42081128031378e-20	FALSE
ENSG00000007312	5e-05	3	1.21040564015689e-19	FALSE
ENSG00000178977	1e-06	3	5.61950941823926e-11	FALSE
ENSG00000178977	1e-05	3	5.6195094153969e-10	FALSE
ENSG00000178977	5e-05	3	2.80975470138309e-09	FALSE
ENSG00000240288	1e-06	3	6.96675620780259e-06	FALSE
ENSG00000240288	1e-05	3	6.96631941396234e-05	FALSE
ENSG00000240288	5e-05	3	0.000348218938524031	FALSE
ENSG00000204977	1e-06	3	0.00315325486319986	FALSE
ENSG00000204977	1e-05	3	0.0306623721646887	FALSE
ENSG00000204977	5e-05	3	0.136562535655369	FALSE
ENSG00000141295	1e-06	3	1.3067091405056e-12	FALSE
ENSG00000141295	1e-05	3	1.30670914049014e-11	FALSE
ENSG00000141295	5e-05	3	6.53354570210932e-11	FALSE
ENSG00000176124	1e-06	3	0.00315712528504891	FALSE
ENSG00000176124	1e-05	3	0.0306989684449663	FALSE
ENSG00000176124	5e-05	3	0.136707700668774	FALSE
ENSG00000178430	1e-06	3	4.71284665341108e-05	FALSE
ENSG00000178430	1e-05	3	0.000471084851781062	FALSE
ENSG00000178430	5e-05	3	0.00235099418791111	FALSE
ENSG00000268785	1e-06	3	1.2378847876179e-40	FALSE
ENSG00000268785	1e-05	3	1.23788478761789e-39	FALSE
ENSG00000268785	5e-05	3	6.18942393808936e-39	FALSE
ENSG00000259384	1e-06	3	4.37895056381883e-07	FALSE
ENSG00000259384	1e-05	3	4.37893330619958e-06	FALSE
ENSG00000259384	5e-05	3	2.18942830365773e-05	FALSE
ENSG00000204444	1e-06	3	2.49231311315356e-13	FALSE
ENSG00000204444	1e-05	3	2.49231311314796e-12	FALSE
ENSG00000204444	5e-05	3	1.24615655656156e-11	FALSE
ENSG00000229391	1e-06	3	1.50535929801164e-11	FALSE
ENSG00000229391	1e-05	3	1.50535929780814e-10	FALSE
ENSG00000229391	5e-05	3	7.52679648450669e-10	FALSE
ENSG00000204386	1e-06	3	1.89701834495414e-09	FALSE
ENSG00000204386	1e-05	3	1.89701831256603e-08	FALSE
ENSG00000204386	5e-05	3	9.4850908430945e-08	FALSE
ENSG00000183579	1e-06	3	0.00383437465971208	FALSE
ENSG00000183579	1e-05	3	0.0370646681772553	FALSE
ENSG00000183579	5e-05	3	0.161395115308865	FALSE
ENSG00000213672	1e-06	3	2.862776610963e-11	FALSE
ENSG00000213672	1e-05	3	2.86277661022532e-10	FALSE
ENSG00000213672	5e-05	3	1.43138830347354e-09	FALSE
ENSG00000133246	1e-06	3	0.0109859422356994	FALSE
ENSG00000133246	1e-05	3	0.0999745870151198	FALSE
ENSG00000133246	5e-05	3	0.357078023392313	FALSE
ENSG00000174137	1e-06	3	0.00110693053656894	FALSE
ENSG00000174137	1e-05	3	0.0109601165761865	FALSE
ENSG00000174137	5e-05	3	0.0524990021463049	FALSE
ENSG00000182628	1e-06	3	0.0090498767146973	FALSE
ENSG00000182628	1e-05	3	0.0836828887131217	FALSE
ENSG00000182628	5e-05	3	0.313482094616289	FALSE
ENSG00000233276	1e-06	3	0.000807750490975576	FALSE
ENSG00000233276	1e-05	3	0.00801920724246966	FALSE
ENSG00000233276	5e-05	3	0.0388498560251266	FALSE
ENSG00000166908	1e-06	3	0.00147935340507163	FALSE
ENSG00000166908	1e-05	3	0.0145991582208892	FALSE
ENSG00000166908	5e-05	3	0.0689682760096957	FALSE
ENSG00000132694	1e-06	3	0.000720099749812126	FALSE
ENSG00000132694	1e-05	3	0.00715462907863554	FALSE
ENSG00000132694	5e-05	3	0.0347778547885275	FALSE
ENSG00000166833	1e-06	3	0.000411136186547159	FALSE
ENSG00000166833	1e-05	3	0.0040962049826088	FALSE
ENSG00000166833	5e-05	3	0.0201508567536908	FALSE
ENSG00000204387	1e-06	3	1.92325420319716e-13	FALSE
ENSG00000204387	1e-05	3	1.92325420319386e-12	FALSE
ENSG00000204387	5e-05	3	9.61627101589487e-12	FALSE
ENSG00000049167	1e-06	3	0.00119664946361718	FALSE
ENSG00000049167	1e-05	3	0.0118389905410454	FALSE
ENSG00000049167	5e-05	3	0.0565184663511255	FALSE
ENSG00000167447	1e-06	3	0.0185806793542864	FALSE
ENSG00000167447	1e-05	3	0.159186631693922	FALSE
ENSG00000167447	5e-05	3	0.486289810577788	FALSE
ENSG00000158406	1e-06	3	2.88126498818551e-22	FALSE
ENSG00000158406	1e-05	3	2.88126498818515e-21	FALSE
ENSG00000158406	5e-05	3	1.44063249409281e-20	FALSE
ENSG00000181804	1e-06	3	0.00329877563617733	FALSE
ENSG00000181804	1e-05	3	0.032036621717101	FALSE
ENSG00000181804	5e-05	3	0.141987862790899	FALSE
ENSG00000183751	1e-06	3	0.00428165156508454	FALSE
ENSG00000183751	1e-05	3	0.0412278076851445	FALSE
ENSG00000183751	5e-05	3	0.176956864167815	FALSE
ENSG00000178715	1e-06	3	0.00148984417350116	FALSE
ENSG00000178715	1e-05	3	0.0147013176825819	FALSE
ENSG00000178715	5e-05	3	0.0694240862271184	FALSE
ENSG00000221643	1e-06	3	0.000833177519392296	FALSE
ENSG00000221643	1e-05	3	0.00826976356409233	FALSE
ENSG00000221643	5e-05	3	0.0400248341596911	FALSE
ENSG00000248746	1e-06	3	8.77599330373443e-13	FALSE
ENSG00000248746	1e-05	3	8.775993303665e-12	FALSE
ENSG00000248746	5e-05	3	4.38799665167855e-11	FALSE
ENSG00000182718	1e-06	3	4.07222414639786e-05	FALSE
ENSG00000182718	1e-05	3	0.000407073222233346	FALSE
ENSG00000182718	5e-05	3	0.00203205732667175	FALSE
ENSG00000157087	1e-06	3	3.71317393044501e-08	FALSE
ENSG00000157087	1e-05	3	3.71317268955595e-07	FALSE
ENSG00000157087	5e-05	3	1.85658358725179e-06	FALSE
ENSG00000178053	1e-06	3	0.000951774780942699	FALSE
ENSG00000178053	1e-05	3	0.00943691148021523	FALSE
ENSG00000178053	5e-05	3	0.0454682384359511	FALSE
ENSG00000135929	1e-06	3	0.00161271905281913	FALSE
ENSG00000135929	1e-05	3	0.0158964617870099	FALSE
ENSG00000135929	5e-05	3	0.0747305063792999	FALSE
ENSG00000196296	1e-06	3	0.00988419741180093	FALSE
ENSG00000196296	1e-05	3	0.0907674991926486	FALSE
ENSG00000196296	5e-05	3	0.332952450746097	FALSE
ENSG00000056586	1e-06	3	0.0117919882661636	FALSE
ENSG00000056586	1e-05	3	0.106606011166623	FALSE
ENSG00000056586	5e-05	3	0.373682747305165	FALSE
ENSG00000260912	1e-06	3	0.000859931959929324	FALSE
ENSG00000260912	1e-05	3	0.00853327725875357	FALSE
ENSG00000260912	5e-05	3	0.0412581184385262	FALSE
ENSG00000186184	1e-06	3	0.00068834736066976	FALSE
ENSG00000186184	1e-05	3	0.00684109217700037	FALSE
ENSG00000186184	5e-05	3	0.0332943811629541	FALSE
ENSG00000142541	1e-06	3	2.42220528322339e-06	FALSE
ENSG00000142541	1e-05	3	2.42215248066865e-05	FALSE
ENSG00000142541	5e-05	3	0.000121095891524868	FALSE
ENSG00000204623	1e-06	3	0.000417035143346797	FALSE
ENSG00000204623	1e-05	3	0.00415475731515548	FALSE
ENSG00000204623	5e-05	3	0.020434190171402	FALSE
ENSG00000197050	1e-06	3	0.00169661622807973	FALSE
ENSG00000197050	1e-05	3	0.016710993003543	FALSE
ENSG00000197050	5e-05	3	0.0783197610986784	FALSE
ENSG00000172640	1e-06	3	8.06843828255178e-07	FALSE
ENSG00000172640	1e-05	3	8.0683796932506e-06	FALSE
ENSG00000172640	5e-05	3	4.03405965332528e-05	FALSE
ENSG00000225032	1e-06	3	0.00107065181406676	FALSE
ENSG00000225032	1e-05	3	0.0106043361748048	FALSE
ENSG00000225032	5e-05	3	0.0508641583370077	FALSE
ENSG00000175470	1e-06	3	3.78700224131233e-06	FALSE
ENSG00000175470	1e-05	3	3.7868731732376e-05	FALSE
ENSG00000175470	5e-05	3	0.000189314982188789	FALSE
ENSG00000115464	1e-06	3	1.6246556345204e-07	FALSE
ENSG00000115464	1e-05	3	1.62465325896852e-06	FALSE
ENSG00000115464	5e-05	3	8.1232135052216e-06	FALSE
ENSG00000182224	1e-06	3	4.56249890436489e-10	FALSE
ENSG00000182224	1e-05	3	4.56249888563058e-09	FALSE
ENSG00000182224	5e-05	3	2.28124940118251e-08	FALSE
ENSG00000172992	1e-06	3	0.00696453565841989	FALSE
ENSG00000172992	1e-05	3	0.0655374174566598	FALSE
ENSG00000172992	5e-05	3	0.259626172012	FALSE
ENSG00000185559	1e-06	3	0.000347596336334462	FALSE
ENSG00000185559	1e-05	3	0.0034651231862243	FALSE
ENSG00000185559	5e-05	3	0.0170887573340733	FALSE
ENSG00000111011	1e-06	3	0.000546496968557712	FALSE
ENSG00000111011	1e-05	3	0.00543822193933939	FALSE
ENSG00000111011	5e-05	3	0.0266122171246108	FALSE
ENSG00000166435	1e-06	3	0.00035756773637858	FALSE
ENSG00000166435	1e-05	3	0.0035642073537865	FALSE
ENSG00000166435	5e-05	3	0.0175705366255298	FALSE
ENSG00000135506	1e-06	3	0.00174549618067055	FALSE
ENSG00000135506	1e-05	3	0.0171849947228237	FALSE
ENSG00000135506	5e-05	3	0.0803983899837423	FALSE
ENSG00000214954	1e-06	3	0.000843744115497666	FALSE
ENSG00000214954	1e-05	3	0.0083738526548624	FALSE
ENSG00000214954	5e-05	3	0.0405122875671182	FALSE
ENSG00000112972	1e-06	3	0.00150178224813577	FALSE
ENSG00000112972	1e-05	3	0.0148175479076798	FALSE
ENSG00000112972	5e-05	3	0.0699422490350105	FALSE
ENSG00000224614	1e-06	3	0.00116204601811202	FALSE
ENSG00000224614	1e-05	3	0.0115001864680852	FALSE
ENSG00000224614	5e-05	3	0.0549721714514376	FALSE
ENSG00000135912	1e-06	3	0.00137416641983828	FALSE
ENSG00000135912	1e-05	3	0.0135737903760601	FALSE
ENSG00000135912	5e-05	3	0.064373767762972	FALSE
ENSG00000143569	1e-06	3	3.7592637822048e-09	FALSE
ENSG00000143569	1e-05	3	3.75926365501619e-08	FALSE
ENSG00000143569	5e-05	3	1.87963154486679e-07	FALSE
ENSG00000124177	1e-06	3	0.00134209500070141	FALSE
ENSG00000124177	1e-05	3	0.0132607750281775	FALSE
ENSG00000124177	5e-05	3	0.0629640658903616	FALSE
ENSG00000167874	1e-06	3	1.20975994695712e-10	FALSE
ENSG00000167874	1e-05	3	1.20975994563996e-09	FALSE
ENSG00000167874	5e-05	3	6.04879969892954e-09	FALSE
ENSG00000196547	1e-06	3	1.69942373353499e-34	FALSE
ENSG00000196547	1e-05	3	1.69942373353497e-33	FALSE
ENSG00000196547	5e-05	3	8.49711866767477e-33	FALSE
ENSG00000143919	1e-06	3	4.36828610721771e-06	FALSE
ENSG00000143919	1e-05	3	4.36811437665751e-05	FALSE
ENSG00000143919	5e-05	3	0.000218367564652934	FALSE
ENSG00000255518	1e-06	3	1.24331849792806e-08	FALSE
ENSG00000255518	1e-05	3	1.24331835880239e-07	FALSE
ENSG00000255518	5e-05	3	6.21658870233231e-07	FALSE
ENSG00000143164	1e-06	3	0.00060309161452372	FALSE
ENSG00000143164	1e-05	3	0.00599835810994404	FALSE
ENSG00000143164	5e-05	3	0.0292890458079028	FALSE
ENSG00000255310	1e-06	3	1.492794269537e-05	FALSE
ENSG00000255310	1e-05	3	0.0001492593737353	FALSE
ENSG00000255310	5e-05	3	0.00074585156732507	FALSE
ENSG00000269918	1e-06	3	1.49739355517562e-05	FALSE
ENSG00000269918	1e-05	3	0.000149719178549591	FALSE
ENSG00000269918	5e-05	3	0.000748147844425136	FALSE
ENSG00000181744	1e-06	3	0.00321239270677662	FALSE
ENSG00000181744	1e-05	3	0.0312212721842183	FALSE
ENSG00000181744	5e-05	3	0.138775384689633	FALSE
ENSG00000178252	1e-06	3	1.27079957195292e-11	FALSE
ENSG00000178252	1e-05	3	1.27079957180829e-10	FALSE
ENSG00000178252	5e-05	3	6.35399785580916e-10	FALSE
ENSG00000178188	1e-06	3	0.00985582813908589	FALSE
ENSG00000178188	1e-05	3	0.0905282073136528	FALSE
ENSG00000178188	5e-05	3	0.332308034141315	FALSE
ENSG00000119812	1e-06	3	0.00177806269047603	FALSE
ENSG00000119812	1e-05	3	0.0175005728637219	FALSE
ENSG00000119812	5e-05	3	0.0817782027360253	FALSE
ENSG00000139266	1e-06	3	0.000360206995287241	FALSE
ENSG00000139266	1e-05	3	0.00359043026997838	FALSE
ENSG00000139266	5e-05	3	0.0176979779272226	FALSE
ENSG00000159873	1e-06	3	0.000178733926083991	FALSE
ENSG00000159873	1e-05	3	0.00178446875488107	FALSE
ENSG00000159873	5e-05	3	0.00885910856468646	FALSE
ENSG00000171044	1e-06	3	1.45751601354719e-05	FALSE
ENSG00000171044	1e-05	3	0.000145732484686008	FALSE
ENSG00000171044	5e-05	3	0.000728237911748768	FALSE
ENSG00000218809	1e-06	3	0.000825741621564007	FALSE
ENSG00000218809	1e-05	3	0.00819650247642572	FALSE
ENSG00000218809	5e-05	3	0.0396815138751449	FALSE
ENSG00000154016	1e-06	3	0.00113455704399137	FALSE
ENSG00000154016	1e-05	3	0.0112308916547786	FALSE
ENSG00000154016	5e-05	3	0.0537402543762915	FALSE
ENSG00000164062	1e-06	3	0.000796275883456066	FALSE
ENSG00000164062	1e-05	3	0.00790609990438654	FALSE
ENSG00000164062	5e-05	3	0.0383186938352603	FALSE
ENSG00000179818	1e-06	3	1.07777427909756e-08	FALSE
ENSG00000179818	1e-05	3	1.07777417455376e-07	FALSE
ENSG00000179818	5e-05	3	5.38886854957537e-07	FALSE
ENSG00000166126	1e-06	3	6.30534345526015e-06	FALSE
ENSG00000166126	1e-05	3	6.30498565935959e-05	FALSE
ENSG00000166126	5e-05	3	0.000315169797325883	FALSE
ENSG00000170540	1e-06	3	0.000385465691492103	FALSE
ENSG00000170540	1e-05	3	0.00384133060450161	FALSE
ENSG00000170540	5e-05	3	0.0189160025445512	FALSE
ENSG00000244617	1e-06	3	9.52346015708296e-09	FALSE
ENSG00000244617	1e-05	3	9.52345934081429e-08	FALSE
ENSG00000244617	5e-05	3	4.76172785648343e-07	FALSE
ENSG00000004939	1e-06	3	2.48448391424997e-08	FALSE
ENSG00000004939	1e-05	3	2.48448335871063e-07	FALSE
ENSG00000004939	5e-05	3	1.24224044482506e-06	FALSE
ENSG00000170004	1e-06	3	0.00752647166041268	FALSE
ENSG00000170004	1e-05	3	0.0704898573789442	FALSE
ENSG00000170004	5e-05	3	0.274930141141712	FALSE
ENSG00000186130	1e-06	3	0.00976712238725151	FALSE
ENSG00000186130	1e-05	3	0.0897792587960368	FALSE
ENSG00000186130	5e-05	3	0.33028523840065	FALSE
ENSG00000172262	1e-06	3	0.00141386748318808	FALSE
ENSG00000172262	1e-05	3	0.0139610234974847	FALSE
ENSG00000172262	5e-05	3	0.0661130917763023	FALSE
ENSG00000197912	1e-06	3	4.04812027804555e-10	FALSE
ENSG00000197912	1e-05	3	4.04812026329691e-09	FALSE
ENSG00000197912	5e-05	3	2.02406009887389e-08	FALSE
ENSG00000249309	1e-06	3	0.000576512024647951	FALSE
ENSG00000249309	1e-05	3	0.00573536170159941	FALSE
ENSG00000249309	5e-05	3	0.0280336754342347	FALSE
ENSG00000177728	1e-06	3	3.07213979209163e-07	FALSE
ENSG00000177728	1e-05	3	3.07213129787653e-06	FALSE
ENSG00000177728	5e-05	3	1.53604677318877e-05	FALSE
ENSG00000143702	1e-06	3	0.00404119853523566	FALSE
ENSG00000143702	1e-05	3	0.0389937519142825	FALSE
ENSG00000143702	5e-05	3	0.168661742926921	FALSE
ENSG00000184574	1e-06	3	0.0051126647079558	FALSE
ENSG00000184574	1e-05	3	0.0488775943163205	FALSE
ENSG00000184574	5e-05	3	0.204421455663679	FALSE
ENSG00000125378	1e-06	3	0.00121321290479391	FALSE
ENSG00000125378	1e-05	3	0.0120010901509545	FALSE
ENSG00000125378	5e-05	3	0.0572568712597718	FALSE
ENSG00000131067	1e-06	3	0.00100525411416323	FALSE
ENSG00000131067	1e-05	3	0.00996240837359157	FALSE
ENSG00000131067	5e-05	3	0.047903120089168	FALSE
ENSG00000100106	1e-06	3	0.00179195447129362	FALSE
ENSG00000100106	1e-05	3	0.017635132521768	FALSE
ENSG00000100106	5e-05	3	0.082365552849894	FALSE
ENSG00000178467	1e-06	3	1.03915193300942e-11	FALSE
ENSG00000178467	1e-05	3	1.0391519329123e-10	FALSE
ENSG00000178467	5e-05	3	5.19575966240159e-10	FALSE
ENSG00000115592	1e-06	3	0.00137309049232305	FALSE
ENSG00000115592	1e-05	3	0.0135632922742334	FALSE
ENSG00000115592	5e-05	3	0.0643265425791964	FALSE
ENSG00000147874	1e-06	3	0.000841998735261604	FALSE
ENSG00000147874	1e-05	3	0.00835666067315577	FALSE
ENSG00000147874	5e-05	3	0.0404318039032856	FALSE
ENSG00000256234	1e-06	3	0.000644130049101431	FALSE
ENSG00000256234	1e-05	3	0.00640417440047502	FALSE
ENSG00000256234	5e-05	3	0.0312210907615354	FALSE
ENSG00000264538	1e-06	3	0.00164620083725833	FALSE
ENSG00000264538	1e-05	3	0.0162216712139757	FALSE
ENSG00000264538	5e-05	3	0.0761661848376419	FALSE
ENSG00000169599	1e-06	3	0.000293433609589766	FALSE
ENSG00000169599	1e-05	3	0.00292660721163598	FALSE
ENSG00000169599	5e-05	3	0.0144637175775024	FALSE
ENSG00000261118	1e-06	3	1.24011494336453e-07	FALSE
ENSG00000261118	1e-05	3	1.24011355926951e-06	FALSE
ENSG00000261118	5e-05	3	6.20053703886733e-06	FALSE
ENSG00000213445	1e-06	3	2.60968672428288e-05	FALSE
ENSG00000213445	1e-05	3	0.000260907392637998	FALSE
ENSG00000213445	5e-05	3	0.001303176929211	FALSE
ENSG00000247626	1e-06	3	0.000589587515409623	FALSE
ENSG00000247626	1e-05	3	0.00586475507672865	FALSE
ENSG00000247626	5e-05	3	0.0286516360712222	FALSE
ENSG00000177479	1e-06	3	1.11858982968311e-11	FALSE
ENSG00000177479	1e-05	3	1.11858982957049e-10	FALSE
ENSG00000177479	5e-05	3	5.59294914535002e-10	FALSE
ENSG00000069275	1e-06	3	0.00194931703243602	FALSE
ENSG00000069275	1e-05	3	0.0191570813005224	FALSE
ENSG00000069275	5e-05	3	0.0889679421026123	FALSE
ENSG00000148120	1e-06	3	0.00355600978901231	FALSE
ENSG00000148120	1e-05	3	0.034457322698745	FALSE
ENSG00000148120	5e-05	3	0.151416925972563	FALSE
ENSG00000262319	1e-06	3	0.00100623324299879	FALSE
ENSG00000262319	1e-05	3	0.00997202478444482	FALSE
ENSG00000262319	5e-05	3	0.0479475858638689	FALSE
ENSG00000176476	1e-06	3	0.00698654449356521	FALSE
ENSG00000176476	1e-05	3	0.0657322719517872	FALSE
ENSG00000176476	5e-05	3	0.26023738223464	FALSE
ENSG00000153234	1e-06	3	0.000265921680238001	FALSE
ENSG00000153234	1e-05	3	0.00265286770703707	FALSE
ENSG00000153234	5e-05	3	0.0131250623192668	FALSE
ENSG00000204304	1e-06	3	8.25391392680599e-12	FALSE
ENSG00000204304	1e-05	3	8.25391392619287e-11	FALSE
ENSG00000204304	5e-05	3	4.12695696173389e-10	FALSE
ENSG00000198518	1e-06	3	2.455906048717e-22	FALSE
ENSG00000198518	1e-05	3	2.45590604871698e-21	FALSE
ENSG00000198518	5e-05	3	1.22795302435851e-20	FALSE
ENSG00000111642	1e-06	3	0.00510333325342829	FALSE
ENSG00000111642	1e-05	3	0.0487923021324292	FALSE
ENSG00000111642	5e-05	3	0.204122988545082	FALSE
ENSG00000204305	1e-06	3	2.68607619837266e-05	FALSE
ENSG00000204305	1e-05	3	0.000268542700483226	FALSE
ENSG00000204305	5e-05	3	0.00134127274639452	FALSE
ENSG00000136167	1e-06	3	0.000395961061888643	FALSE
ENSG00000136167	1e-05	3	0.00394555006115887	FALSE
ENSG00000136167	5e-05	3	0.0194212404007899	FALSE
ENSG00000132510	1e-06	3	0.00802406245112182	FALSE
ENSG00000132510	1e-05	3	0.0748362106597647	FALSE
ENSG00000132510	5e-05	3	0.287976710277188	FALSE
ENSG00000108474	1e-06	3	0.00345803784676282	FALSE
ENSG00000108474	1e-05	3	0.0335366397422894	FALSE
ENSG00000108474	5e-05	3	0.147849673735162	FALSE
ENSG00000244649	1e-06	3	2.120820898691e-08	FALSE
ENSG00000244649	1e-05	3	2.12082049388176e-07	FALSE
ENSG00000244649	5e-05	3	1.06040934736573e-06	FALSE
ENSG00000135452	1e-06	3	0.00265999790560696	FALSE
ENSG00000135452	1e-05	3	0.0259780646773679	FALSE
ENSG00000135452	5e-05	3	0.117663629842002	FALSE
ENSG00000119953	1e-06	3	0.0029672178406613	FALSE
ENSG00000119953	1e-05	3	0.02890039451086	FALSE
ENSG00000119953	5e-05	3	0.129528297017767	FALSE
ENSG00000167487	1e-06	3	2.50211588236985e-05	FALSE
ENSG00000167487	1e-05	3	0.000250155255667542	FALSE
ENSG00000167487	5e-05	3	0.00124952597637737	FALSE
ENSG00000185504	1e-06	3	0.000184091113071926	FALSE
ENSG00000185504	1e-05	3	0.00183786611734627	FALSE
ENSG00000185504	5e-05	3	0.00912226855357946	FALSE
ENSG00000121101	1e-06	3	0.0100205929154524	FALSE
ENSG00000121101	1e-05	3	0.0919164162491997	FALSE
ENSG00000121101	5e-05	3	0.336033939440213	FALSE
ENSG00000178952	1e-06	3	0.00664931361934352	FALSE
ENSG00000178952	1e-05	3	0.0627386174992536	FALSE
ENSG00000178952	5e-05	3	0.250762993394015	FALSE
ENSG00000108312	1e-06	3	1.66846565662358e-08	FALSE
ENSG00000108312	1e-05	3	1.66846540608364e-07	FALSE
ENSG00000108312	5e-05	3	8.34232146286827e-07	FALSE
ENSG00000176390	1e-06	3	0.00162071909410422	FALSE
ENSG00000176390	1e-05	3	0.0159741839564832	FALSE
ENSG00000176390	5e-05	3	0.0750739400665705	FALSE
ENSG00000135114	1e-06	3	2.15256130548816e-13	FALSE
ENSG00000135114	1e-05	3	2.15256130548398e-12	FALSE
ENSG00000135114	5e-05	3	1.07628065273286e-11	FALSE
ENSG00000185664	1e-06	3	0.000695974642970412	FALSE
ENSG00000185664	1e-05	3	0.00691642353112476	FALSE
ENSG00000185664	5e-05	3	0.033651135630333	FALSE
ENSG00000255899	1e-06	3	4.76532137988577e-10	FALSE
ENSG00000255899	1e-05	3	4.76532135944696e-09	FALSE
ENSG00000255899	5e-05	3	2.38266063430751e-08	FALSE
ENSG00000188603	1e-06	3	0.00665346314129125	FALSE
ENSG00000188603	1e-05	3	0.0627755576801224	FALSE
ENSG00000188603	5e-05	3	0.250881007717378	FALSE
ENSG00000197272	1e-06	3	0.00659753311441256	FALSE
ENSG00000197272	1e-05	3	0.0622774342324614	FALSE
ENSG00000197272	5e-05	3	0.249287281938621	FALSE
ENSG00000237753	1e-06	3	1.05615253184008e-06	FALSE
ENSG00000237753	1e-05	3	1.05614249281158e-05	FALSE
ENSG00000237753	5e-05	3	5.28048938608951e-05	FALSE
ENSG00000251417	1e-06	3	0.00682493870535971	FALSE
ENSG00000251417	1e-05	3	0.0642998068866849	FALSE
ENSG00000251417	5e-05	3	0.255726401503433	FALSE
ENSG00000088992	1e-06	3	0.000777886528540578	FALSE
ENSG00000088992	1e-05	3	0.00772478423507465	FALSE
ENSG00000088992	5e-05	3	0.0374662464943067	FALSE
ENSG00000265791	1e-06	3	0.001649057068935	FALSE
ENSG00000265791	1e-05	3	0.0162494049248345	FALSE
ENSG00000265791	5e-05	3	0.0762884565386253	FALSE
ENSG00000198380	1e-06	3	0.00027408826271956	FALSE
ENSG00000198380	1e-05	3	0.00273413807081066	FALSE
ENSG00000198380	5e-05	3	0.0135227975713991	FALSE
ENSG00000154025	1e-06	3	0.00123032039240259	FALSE
ENSG00000154025	1e-05	3	0.0121684639400589	FALSE
ENSG00000154025	5e-05	3	0.0580183432304478	FALSE
ENSG00000115896	1e-06	3	0.000544883686928511	FALSE
ENSG00000115896	1e-05	3	0.00542224642666554	FALSE
ENSG00000115896	5e-05	3	0.026535699721355	FALSE
ENSG00000127526	1e-06	3	1.68603601374337e-11	FALSE
ENSG00000127526	1e-05	3	1.68603601348753e-10	FALSE
ENSG00000127526	5e-05	3	8.43018006175208e-10	FALSE
ENSG00000142178	1e-06	3	5.06920706339964e-06	FALSE
ENSG00000142178	1e-05	3	5.06897580220817e-05	FALSE
ENSG00000142178	5e-05	3	0.000253397411496521	FALSE
ENSG00000124731	1e-06	3	0.000872072195012301	FALSE
ENSG00000124731	1e-05	3	0.00865280908223867	FALSE
ENSG00000124731	5e-05	3	0.0418167171320355	FALSE
ENSG00000197601	1e-06	3	5.26299995775409e-07	FALSE
ENSG00000197601	1e-05	3	5.26297502862031e-06	FALSE
ENSG00000197601	5e-05	3	2.63143211766413e-05	FALSE
ENSG00000004534	1e-06	3	0.000920111310455403	FALSE
ENSG00000004534	1e-05	3	0.0091255444545627	FALSE
ENSG00000004534	5e-05	3	0.0440208648368181	FALSE
ENSG00000185031	1e-06	3	0.000994354410474851	FALSE
ENSG00000185031	1e-05	3	0.00985534673729363	FALSE
ENSG00000185031	5e-05	3	0.0474078504687124	FALSE
ENSG00000196387	1e-06	3	0.000694969794823141	FALSE
ENSG00000196387	1e-05	3	0.00690649967030207	FALSE
ENSG00000196387	5e-05	3	0.0336041501439505	FALSE
ENSG00000101745	1e-06	3	0.000509387521692744	FALSE
ENSG00000101745	1e-05	3	0.00507062898075805	FALSE
ENSG00000101745	5e-05	3	0.0248491417897657	FALSE
ENSG00000226471	1e-06	3	0.00460010728501667	FALSE
ENSG00000226471	1e-05	3	0.0441722970990359	FALSE
ENSG00000226471	5e-05	3	0.187697386593838	FALSE
ENSG00000033867	1e-06	3	1.39155935818837e-22	FALSE
ENSG00000033867	1e-05	3	1.39155935818836e-21	FALSE
ENSG00000033867	5e-05	3	6.95779679094191e-21	FALSE
ENSG00000151882	1e-06	3	0.00152800860837637	FALSE
ENSG00000151882	1e-05	3	0.0150728037192453	FALSE
ENSG00000151882	5e-05	3	0.0710786032542677	FALSE
ENSG00000184730	1e-06	3	0.00601600862647793	FALSE
ENSG00000184730	1e-05	3	0.0570700794521013	FALSE
ENSG00000184730	5e-05	3	0.232316998915727	FALSE
ENSG00000135457	1e-06	3	1.83015144710989e-12	FALSE
ENSG00000135457	1e-05	3	1.8301514470797e-11	FALSE
ENSG00000135457	5e-05	3	9.15075723473e-11	FALSE
ENSG00000139436	1e-06	3	0.00186309018110604	FALSE
ENSG00000139436	1e-05	3	0.0183236542285831	FALSE
ENSG00000139436	5e-05	3	0.0853617168101648	FALSE
ENSG00000186283	1e-06	3	0.000423955919407377	FALSE
ENSG00000186283	1e-05	3	0.00422344420652896	FALSE
ENSG00000186283	5e-05	3	0.0207663981370355	FALSE
ENSG00000205269	1e-06	3	0.00339757125105175	FALSE
ENSG00000205269	1e-05	3	0.0329676238514004	FALSE
ENSG00000205269	5e-05	3	0.145633374070709	FALSE
ENSG00000061337	1e-06	3	0.000935400953610095	FALSE
ENSG00000061337	1e-05	3	0.00927591920308734	FALSE
ENSG00000061337	5e-05	3	0.0447203081547155	FALSE
ENSG00000254887	1e-06	3	0.000523768119244021	FALSE
ENSG00000254887	1e-05	3	0.00521310705892318	FALSE
ENSG00000254887	5e-05	3	0.0255331079925667	FALSE
ENSG00000157895	1e-06	3	9.97525139520343e-15	FALSE
ENSG00000157895	1e-05	3	9.9752513952022e-14	FALSE
ENSG00000157895	5e-05	3	4.98762569759849e-13	FALSE
ENSG00000170473	1e-06	3	0.00069577689635429	FALSE
ENSG00000170473	1e-05	3	0.00691447060347512	FALSE
ENSG00000170473	5e-05	3	0.0336418895908894	FALSE
ENSG00000189129	1e-06	3	0.000828938642134788	FALSE
ENSG00000189129	1e-05	3	0.0082280018432689	FALSE
ENSG00000189129	5e-05	3	0.0398291518761339	FALSE
ENSG00000151748	1e-06	3	5.67712140507164e-07	FALSE
ENSG00000151748	1e-05	3	5.67709239848301e-06	FALSE
ENSG00000151748	5e-05	3	2.83848174194905e-05	FALSE
ENSG00000176624	1e-06	3	1.27609165059995e-10	FALSE
ENSG00000176624	1e-05	3	1.27609164913435e-09	FALSE
ENSG00000176624	5e-05	3	6.38045821310367e-09	FALSE
ENSG00000168936	1e-06	3	0.000115564939046699	FALSE
ENSG00000168936	1e-05	3	0.00115444866635915	FALSE
ENSG00000168936	5e-05	3	0.00574571081902652	FALSE
ENSG00000161956	1e-06	3	4.77078802171343e-13	FALSE
ENSG00000161956	1e-05	3	4.77078802169294e-12	FALSE
ENSG00000161956	5e-05	3	2.38539401080095e-11	FALSE
ENSG00000101470	1e-06	3	0.000719027707475027	FALSE
ENSG00000101470	1e-05	3	0.0071440461704897	FALSE
ENSG00000101470	5e-05	3	0.0347278416362454	FALSE
ENSG00000127527	1e-06	3	1.56728416132529e-11	FALSE
ENSG00000127527	1e-05	3	1.56728416110421e-10	FALSE
ENSG00000127527	5e-05	3	7.83642080060834e-10	FALSE
ENSG00000270091	1e-06	3	0.000532202185565891	FALSE
ENSG00000270091	1e-05	3	0.00529665184844957	FALSE
ENSG00000270091	5e-05	3	0.0259338097958772	FALSE
ENSG00000135446	1e-06	3	0.00331807508980934	FALSE
ENSG00000135446	1e-05	3	0.0322186167899051	FALSE
ENSG00000135446	5e-05	3	0.142702389535707	FALSE
ENSG00000076513	1e-06	3	0.000825585256683669	FALSE
ENSG00000076513	1e-05	3	0.00819496180999196	FALSE
ENSG00000076513	5e-05	3	0.0396742918245956	FALSE
ENSG00000240207	1e-06	3	1.63240823556719e-05	FALSE
ENSG00000240207	1e-05	3	0.000163216844269849	FALSE
ENSG00000240207	5e-05	3	0.000815551774201552	FALSE
ENSG00000105732	1e-06	3	0.000500033804738717	FALSE
ENSG00000105732	1e-05	3	0.00497793582168919	FALSE
ENSG00000105732	5e-05	3	0.0244037577489173	FALSE
ENSG00000087237	1e-06	3	0.000815984258290976	FALSE
ENSG00000087237	1e-05	3	0.00810035472542706	FALSE
ENSG00000087237	5e-05	3	0.0392306450626754	FALSE
ENSG00000183508	1e-06	3	0.00122760876870962	FALSE
ENSG00000183508	1e-05	3	0.0121419377439043	FALSE
ENSG00000183508	5e-05	3	0.0578977263634473	FALSE
ENSG00000013810	1e-06	3	0.000115668085688779	FALSE
ENSG00000013810	1e-05	3	0.00115547798954383	FALSE
ENSG00000013810	5e-05	3	0.00575081020924385	FALSE
ENSG00000122483	1e-06	3	0.00284827991248161	FALSE
ENSG00000122483	1e-05	3	0.0277709053188756	FALSE
ENSG00000122483	5e-05	3	0.124972165852806	FALSE
ENSG00000218422	1e-06	3	0.000115354441471299	FALSE
ENSG00000218422	1e-05	3	0.00115234805851295	FALSE
ENSG00000218422	5e-05	3	0.00573530402672407	FALSE
ENSG00000118420	1e-06	3	0.000581277240396871	FALSE
ENSG00000118420	1e-05	3	0.00578252117242192	FALSE
ENSG00000118420	5e-05	3	0.0282589734138047	FALSE
ENSG00000114270	1e-06	3	2.46836293201694e-10	FALSE
ENSG00000114270	1e-05	3	2.4683629265334e-09	FALSE
ENSG00000114270	5e-05	3	1.23418145108107e-08	FALSE
ENSG00000204482	1e-06	3	8.8224844815095e-13	FALSE
ENSG00000204482	1e-05	3	8.82248448143946e-12	FALSE
ENSG00000204482	5e-05	3	4.41124224056409e-11	FALSE
ENSG00000163950	1e-06	3	0.000115466240247757	FALSE
ENSG00000163950	1e-05	3	0.00115346372739878	FALSE
ENSG00000163950	5e-05	3	0.00574083127443323	FALSE
ENSG00000125735	1e-06	3	4.34387669684544e-41	FALSE
ENSG00000125735	1e-05	3	4.3438766968454e-40	FALSE
ENSG00000125735	5e-05	3	2.17193834842267e-39	FALSE
ENSG00000170298	1e-06	3	0.000507861850604049	FALSE
ENSG00000170298	1e-05	3	0.00505551099551112	FALSE
ENSG00000170298	5e-05	3	0.02477652303894	FALSE
ENSG00000122378	1e-06	3	0.000673827976344754	FALSE
ENSG00000122378	1e-05	3	0.00669766211446804	FALSE
ENSG00000122378	5e-05	3	0.0326145457427335	FALSE
ENSG00000261367	1e-06	3	2.72702216277507e-07	FALSE
ENSG00000261367	1e-05	3	2.72701546980661e-06	FALSE
ENSG00000261367	5e-05	3	1.3634928618388e-05	FALSE
ENSG00000233672	1e-06	3	0.00350873490296282	FALSE
ENSG00000233672	1e-05	3	0.034013257495972	FALSE
ENSG00000233672	5e-05	3	0.149699250819543	FALSE
ENSG00000185236	1e-06	3	4.74458374156971e-05	FALSE
ENSG00000185236	1e-05	3	0.000474255860958718	FALSE
ENSG00000185236	5e-05	3	0.00236678944972085	FALSE
ENSG00000163684	1e-06	3	0.000770632868743676	FALSE
ENSG00000163684	1e-05	3	0.00765324808668252	FALSE
ENSG00000163684	5e-05	3	0.0371295925023025	FALSE
ENSG00000267254	1e-06	3	2.77984409993682e-05	FALSE
ENSG00000267254	1e-05	3	0.000277914879590235	FALSE
ENSG00000267254	5e-05	3	0.00138803137965619	FALSE
ENSG00000054282	1e-06	3	0.00406105139221672	FALSE
ENSG00000054282	1e-05	3	0.0391785586604303	FALSE
ENSG00000054282	5e-05	3	0.169352799019394	FALSE
ENSG00000101457	1e-06	3	0.000718122944970585	FALSE
ENSG00000101457	1e-05	3	0.00713511444512353	FALSE
ENSG00000101457	5e-05	3	0.034685628509551	FALSE
ENSG00000175203	1e-06	3	0.00167937000124023	FALSE
ENSG00000175203	1e-05	3	0.0165436537697361	FALSE
ENSG00000175203	5e-05	3	0.0775841664946746	FALSE
ENSG00000051825	1e-06	3	0.00266591013453049	FALSE
ENSG00000051825	1e-05	3	0.0260344517660151	FALSE
ENSG00000051825	5e-05	3	0.117894938473496	FALSE
ENSG00000248240	1e-06	3	0.00150825244867898	FALSE
ENSG00000248240	1e-05	3	0.0148805320960463	FALSE
ENSG00000248240	5e-05	3	0.0702228471562916	FALSE
ENSG00000136877	1e-06	3	0.00159410888223512	FALSE
ENSG00000136877	1e-05	3	0.0157156171779526	FALSE
ENSG00000136877	5e-05	3	0.0739306243309161	FALSE
ENSG00000178741	1e-06	3	1.35224092411859e-09	FALSE
ENSG00000178741	1e-05	3	1.3522409076616e-08	FALSE
ENSG00000178741	5e-05	3	6.76120417259683e-08	FALSE
ENSG00000154316	1e-06	3	1.62484953351095e-07	FALSE
ENSG00000154316	1e-05	3	1.62484715739202e-06	FALSE
ENSG00000154316	5e-05	3	8.1241829847376e-06	FALSE
ENSG00000170456	1e-06	3	0.000328306297564887	FALSE
ENSG00000170456	1e-05	3	0.00327339090202114	FALSE
ENSG00000170456	5e-05	3	0.0161554224585295	FALSE
ENSG00000171174	1e-06	3	3.33590494469266e-06	FALSE
ENSG00000171174	1e-05	3	3.33580479334332e-05	FALSE
ENSG00000171174	5e-05	3	0.00016676798744909	FALSE
ENSG00000246203	1e-06	3	0.000369952107795668	FALSE
ENSG00000246203	1e-05	3	0.00368724414426852	FALSE
ENSG00000246203	5e-05	3	0.0181682575167813	FALSE
ENSG00000123268	1e-06	3	1.89430059027665e-11	FALSE
ENSG00000123268	1e-05	3	1.89430058995359e-10	FALSE
ENSG00000123268	5e-05	3	9.47150294259055e-10	FALSE
ENSG00000108599	1e-06	3	0.000494563638958493	FALSE
ENSG00000108599	1e-05	3	0.00492372055120775	FALSE
ENSG00000108599	5e-05	3	0.0241431071055366	FALSE
ENSG00000144362	1e-06	3	0.000573866797211359	FALSE
ENSG00000144362	1e-05	3	0.00570918118641427	FALSE
ENSG00000144362	5e-05	3	0.0279085656991537	FALSE
ENSG00000214548	1e-06	3	0.000236458977469495	FALSE
ENSG00000214548	1e-05	3	0.00235956830471681	FALSE
ENSG00000214548	5e-05	3	0.0116875314088942	FALSE
ENSG00000145779	1e-06	3	0.000453989725260554	FALSE
ENSG00000145779	1e-05	3	0.00452142313578074	FALSE
ENSG00000145779	5e-05	3	0.0222055135873999	FALSE
ENSG00000156381	1e-06	3	7.91053732051076e-07	FALSE
ENSG00000156381	1e-05	3	7.9104810019719e-06	FALSE
ENSG00000156381	5e-05	3	3.95511535352608e-05	FALSE
ENSG00000011295	1e-06	3	0.000458896473676686	FALSE
ENSG00000011295	1e-05	3	0.00457008995329087	FALSE
ENSG00000011295	5e-05	3	0.0224402342107914	FALSE
ENSG00000205037	1e-06	3	0.00105172526547194	FALSE
ENSG00000205037	1e-05	3	0.0104186347818334	FALSE
ENSG00000205037	5e-05	3	0.0500090690061486	FALSE
ENSG00000118473	1e-06	3	0.000412842723418123	FALSE
ENSG00000118473	1e-05	3	0.00411314449819322	FALSE
ENSG00000118473	5e-05	3	0.0202328401110239	FALSE
ENSG00000108094	1e-06	3	0.000827043604428019	FALSE
ENSG00000108094	1e-05	3	0.00820933077366325	FALSE
ENSG00000108094	5e-05	3	0.0397416446428656	FALSE
ENSG00000179029	1e-06	3	1.06822868901262e-11	FALSE
ENSG00000179029	1e-05	3	1.06822868891048e-10	FALSE
ENSG00000179029	5e-05	3	5.34114344226767e-10	FALSE
ENSG00000091542	1e-06	3	0.00133229626922051	FALSE
ENSG00000091542	1e-05	3	0.0131651043179053	FALSE
ENSG00000091542	5e-05	3	0.0625325323432782	FALSE
ENSG00000224183	1e-06	3	5.93864935352654e-06	FALSE
ENSG00000224183	1e-05	3	5.93833196248433e-05	FALSE
ENSG00000224183	5e-05	3	0.000296846087299938	FALSE
ENSG00000261349	1e-06	3	5.93864935462433e-06	FALSE
ENSG00000261349	1e-05	3	5.93833196358206e-05	FALSE
ENSG00000261349	5e-05	3	0.000296846087354811	FALSE
ENSG00000187010	1e-06	3	5.93862027978624e-06	FALSE
ENSG00000187010	1e-05	3	5.93830289185467e-05	FALSE
ENSG00000187010	5e-05	3	0.000296844634458735	FALSE
ENSG00000158079	1e-06	3	0.0022042653737864	FALSE
ENSG00000158079	1e-05	3	0.0216138694026046	FALSE
ENSG00000158079	5e-05	3	0.0994696508417576	FALSE
ENSG00000183726	1e-06	3	5.93862027862634e-06	FALSE
ENSG00000183726	1e-05	3	5.93830289069214e-05	FALSE
ENSG00000183726	5e-05	3	0.000296844634400622	FALSE
ENSG00000161955	1e-06	3	1.20791656487872e-12	FALSE
ENSG00000161955	1e-05	3	1.20791656486566e-11	FALSE
ENSG00000161955	5e-05	3	6.03958282403606e-11	FALSE
ENSG00000125726	1e-06	3	2.73521688435566e-29	FALSE
ENSG00000125726	1e-05	3	2.73521688435568e-28	FALSE
ENSG00000125726	5e-05	3	1.36760844217784e-27	FALSE
ENSG00000179562	1e-06	3	0.000570412412538452	FALSE
ENSG00000179562	1e-05	3	0.00567499036089841	FALSE
ENSG00000179562	5e-05	3	0.0277451382362816	FALSE
ENSG00000132823	1e-06	3	3.49228521426627e-09	FALSE
ENSG00000132823	1e-05	3	3.49228510450141e-08	FALSE
ENSG00000132823	5e-05	3	1.74614230832961e-07	FALSE
ENSG00000254004	1e-06	3	2.43151755340456e-05	FALSE
ENSG00000254004	1e-05	3	0.000243098556483799	FALSE
ENSG00000254004	5e-05	3	0.00121431199244908	FALSE
ENSG00000105695	1e-06	3	0.000485978102674136	FALSE
ENSG00000105695	1e-05	3	0.0048386178657716	FALSE
ENSG00000105695	5e-05	3	0.023733735423884	FALSE
ENSG00000181061	1e-06	3	0.000305649517193035	FALSE
ENSG00000181061	1e-05	3	0.00304811029098124	FALSE
ENSG00000181061	5e-05	3	0.0150569702312547	FALSE
ENSG00000269954	1e-06	3	2.1190885412859e-08	FALSE
ENSG00000269954	1e-05	3	2.11908813713772e-07	FALSE
ENSG00000269954	5e-05	3	1.05954317046272e-06	FALSE
ENSG00000079462	1e-06	3	0.000549380664501724	FALSE
ENSG00000079462	1e-05	3	0.00546677657290052	FALSE
ENSG00000079462	5e-05	3	0.0267489605020152	FALSE
ENSG00000158113	1e-06	3	9.61006906643097e-15	FALSE
ENSG00000158113	1e-05	3	9.6100690664302e-14	FALSE
ENSG00000158113	5e-05	3	4.8050345332132e-13	FALSE
ENSG00000172171	1e-06	3	0.00164291215240213	FALSE
ENSG00000172171	1e-05	3	0.0161897366876858	FALSE
ENSG00000172171	5e-05	3	0.0760253611255908	FALSE
ENSG00000198382	1e-06	3	0.000625908106503966	FALSE
ENSG00000198382	1e-05	3	0.00622402008341239	FALSE
ENSG00000198382	5e-05	3	0.0303641520484018	FALSE
ENSG00000123353	1e-06	3	0.00033565362803172	FALSE
ENSG00000123353	1e-05	3	0.00334642711669324	FALSE
ENSG00000123353	5e-05	3	0.0165111225110739	FALSE
ENSG00000117616	1e-06	3	5.93862028178956e-06	FALSE
ENSG00000117616	1e-05	3	5.93830289385552e-05	FALSE
ENSG00000117616	5e-05	3	0.000296844634558686	FALSE
ENSG00000158669	1e-06	3	0.000501555409956569	FALSE
ENSG00000158669	1e-05	3	0.0049930156335387	FALSE
ENSG00000158669	5e-05	3	0.0244762372271912	FALSE
ENSG00000156502	1e-06	3	0.00141776980144285	FALSE
ENSG00000156502	1e-05	3	0.0139990708750148	FALSE
ENSG00000156502	5e-05	3	0.0662837128015991	FALSE
ENSG00000125845	1e-06	3	2.7786672972505e-06	FALSE
ENSG00000125845	1e-05	3	2.77859781006058e-05	FALSE
ENSG00000125845	5e-05	3	0.000138914451007452	FALSE
ENSG00000176208	1e-06	3	0.00161049371713883	FALSE
ENSG00000176208	1e-05	3	0.0158748401977961	FALSE
ENSG00000176208	5e-05	3	0.074634930602996	FALSE
ENSG00000197863	1e-06	3	2.31505778149255e-05	FALSE
ENSG00000197863	1e-05	3	0.000231457552764482	FALSE
ENSG00000197863	5e-05	3	0.00115621730291282	FALSE
ENSG00000167978	1e-06	3	3.47504648952111e-07	FALSE
ENSG00000167978	1e-05	3	3.4750356212018e-06	FALSE
ENSG00000167978	5e-05	3	1.73749365919148e-05	FALSE
ENSG00000229759	1e-06	3	6.08575730644317e-06	FALSE
ENSG00000229759	1e-05	3	6.08542399672112e-05	FALSE
ENSG00000229759	5e-05	3	0.000304197153089906	FALSE
ENSG00000177352	1e-06	3	1.71052608459391e-06	FALSE
ENSG00000177352	1e-05	3	1.71049975190394e-05	FALSE
ENSG00000177352	5e-05	3	8.55191363767345e-05	FALSE
ENSG00000158715	1e-06	3	0.00194724651465046	FALSE
ENSG00000158715	1e-05	3	0.0191370835729132	FALSE
ENSG00000158715	5e-05	3	0.088881673787109	FALSE
ENSG00000261050	1e-06	3	0.00071679888860775	FALSE
ENSG00000261050	1e-05	3	0.00712204323201755	FALSE
ENSG00000261050	5e-05	3	0.0346238460464807	FALSE
ENSG00000005381	1e-06	3	0.00350077766831619	FALSE
ENSG00000005381	1e-05	3	0.0339384771180356	FALSE
ENSG00000005381	5e-05	3	0.149409466544077	FALSE
ENSG00000004142	1e-06	3	0.00158553481753542	FALSE
ENSG00000004142	1e-05	3	0.0156322784791	FALSE
ENSG00000004142	5e-05	3	0.0735616477438468	FALSE
ENSG00000226029	1e-06	3	8.24866376925654e-05	FALSE
ENSG00000226029	1e-05	3	0.000824254467109282	FALSE
ENSG00000226029	5e-05	3	0.00410772907937298	FALSE
ENSG00000072864	1e-06	3	0.000388146605235859	FALSE
ENSG00000072864	1e-05	3	0.00386795405324381	FALSE
ENSG00000072864	5e-05	3	0.0190451078576886	FALSE
ENSG00000255354	1e-06	3	1.6015305260069e-08	FALSE
ENSG00000255354	1e-05	3	1.60153029516593e-07	FALSE
ENSG00000255354	5e-05	3	8.00764634603425e-07	FALSE
ENSG00000062650	1e-06	3	0.000830276766310153	FALSE
ENSG00000062650	1e-05	3	0.00824118547962625	FALSE
ENSG00000062650	5e-05	3	0.0398909330841247	FALSE
ENSG00000131069	1e-06	3	0.00100344521508078	FALSE
ENSG00000131069	1e-05	3	0.00994464201975411	FALSE
ENSG00000131069	5e-05	3	0.0478209607557443	FALSE
ENSG00000156398	1e-06	3	5.62531240513576e-16	FALSE
ENSG00000156398	1e-05	3	5.62531240513635e-15	FALSE
ENSG00000156398	5e-05	3	2.81265620256798e-14	FALSE
ENSG00000124116	1e-06	3	0.000717355659584741	FALSE
ENSG00000124116	1e-05	3	0.00712753976693089	FALSE
ENSG00000124116	5e-05	3	0.0346498267620008	FALSE
ENSG00000138035	1e-06	3	0.001298603823125	FALSE
ENSG00000138035	1e-05	3	0.0128360181115102	FALSE
ENSG00000138035	5e-05	3	0.0610457529933381	FALSE
ENSG00000263531	1e-06	3	0.00166387502046528	FALSE
ENSG00000263531	1e-05	3	0.0163932631353396	FALSE
ENSG00000263531	5e-05	3	0.0769222865398208	FALSE
ENSG00000113494	1e-06	3	0.000413458213256984	FALSE
ENSG00000113494	1e-05	3	0.00411925387843308	FALSE
ENSG00000113494	5e-05	3	0.0202624054236543	FALSE
ENSG00000081177	1e-06	3	2.76941811867866e-06	FALSE
ENSG00000081177	1e-05	3	2.76934909330869e-05	FALSE
ENSG00000081177	5e-05	3	0.00013845211777556	FALSE
ENSG00000127080	1e-06	3	0.00319068207398248	FALSE
ENSG00000127080	1e-05	3	0.0310161564891994	FALSE
ENSG00000127080	5e-05	3	0.137964293924821	FALSE
ENSG00000224738	1e-06	3	1.03444951050259e-06	FALSE
ENSG00000224738	1e-05	3	1.03443987982015e-05	FALSE
ENSG00000224738	5e-05	3	5.17198539478274e-05	FALSE
ENSG00000047849	1e-06	3	1.83171945468044e-06	FALSE
ENSG00000047849	1e-05	3	1.83168925841276e-05	FALSE
ENSG00000047849	5e-05	3	9.15777532411629e-05	FALSE
ENSG00000176890	1e-06	3	0.000633281886500767	FALSE
ENSG00000176890	1e-05	3	0.00629692928370415	FALSE
ENSG00000176890	5e-05	3	0.0307111038225406	FALSE
ENSG00000172244	1e-06	3	0.00151953966622417	FALSE
ENSG00000172244	1e-05	3	0.0149903902291533	FALSE
ENSG00000172244	5e-05	3	0.0707119521211232	FALSE
ENSG00000260461	1e-06	3	1.38602535650026e-16	FALSE
ENSG00000260461	1e-05	3	1.38602535650025e-15	FALSE
ENSG00000260461	5e-05	3	6.93012678250137e-15	FALSE
ENSG00000130396	1e-06	3	0.00030865103321495	FALSE
ENSG00000130396	1e-05	3	0.00307796019180894	FALSE
ENSG00000130396	5e-05	3	0.0152026286162777	FALSE
ENSG00000152270	1e-06	3	0.000128110180547376	FALSE
ENSG00000152270	1e-05	3	0.00127962640694353	FALSE
ENSG00000152270	5e-05	3	0.0063655499315689	FALSE
ENSG00000165526	1e-06	3	0.000742541697606983	FALSE
ENSG00000165526	1e-05	3	0.00737612326425623	FALSE
ENSG00000165526	5e-05	3	0.0358236574682325	FALSE
ENSG00000188725	1e-06	3	0.00202206535824384	FALSE
ENSG00000188725	1e-05	3	0.0198592433895479	FALSE
ENSG00000188725	5e-05	3	0.0919888973419407	FALSE
ENSG00000267127	1e-06	3	0.000452026642298728	FALSE
ENSG00000267127	1e-05	3	0.00450195140518995	FALSE
ENSG00000267127	5e-05	3	0.0221115760622521	FALSE
ENSG00000258273	1e-06	3	2.56713853880559e-07	FALSE
ENSG00000258273	1e-05	3	2.56713260763931e-06	FALSE
ENSG00000258273	5e-05	3	1.28355312361528e-05	FALSE
ENSG00000127947	1e-06	3	0.000647551380065279	FALSE
ENSG00000127947	1e-05	3	0.00643799341695478	FALSE
ENSG00000127947	5e-05	3	0.0313818232000774	FALSE
ENSG00000230002	1e-06	3	0.0011215322044289	FALSE
ENSG00000230002	1e-05	3	0.0111032481905141	FALSE
ENSG00000230002	5e-05	3	0.0531554484071979	FALSE
ENSG00000128607	1e-06	3	8.41221915222145e-08	FALSE
ENSG00000128607	1e-05	3	8.41221278333843e-07	FALSE
ENSG00000128607	5e-05	3	4.20609223865209e-06	FALSE
ENSG00000131686	1e-06	3	2.95067664918163e-08	FALSE
ENSG00000131686	1e-05	3	2.95067586559749e-07	FALSE
ENSG00000131686	5e-05	3	1.47533619150302e-06	FALSE
ENSG00000170949	1e-06	3	0.00143002246848066	FALSE
ENSG00000170949	1e-05	3	0.0141185165221717	FALSE
ENSG00000170949	5e-05	3	0.0668190397443533	FALSE
ENSG00000115705	1e-06	3	8.05674924062967e-06	FALSE
ENSG00000115705	1e-05	3	8.05616508211245e-05	FALSE
ENSG00000115705	5e-05	3	0.00040267849232925	FALSE
ENSG00000164366	1e-06	3	0.000488699452785203	FALSE
ENSG00000164366	1e-05	3	0.00486559420880615	FALSE
ENSG00000164366	5e-05	3	0.0238635300299688	FALSE
ENSG00000255477	1e-06	3	0.000874182352888147	FALSE
ENSG00000255477	1e-05	3	0.00867358289098497	FALSE
ENSG00000255477	5e-05	3	0.0419137450858306	FALSE
ENSG00000213999	1e-06	3	1.4331138487463e-05	FALSE
ENSG00000213999	1e-05	3	0.000143292902920706	FALSE
ENSG00000213999	5e-05	3	0.000716054092725152	FALSE
ENSG00000172239	1e-06	3	0.0015222221267065	FALSE
ENSG00000172239	1e-05	3	0.01501649529444	FALSE
ENSG00000172239	5e-05	3	0.0708281161789397	FALSE
ENSG00000141720	1e-06	3	3.95543101852326e-06	FALSE
ENSG00000141720	1e-05	3	3.95529021462485e-05	FALSE
ENSG00000141720	5e-05	3	0.000197733227039322	FALSE
ENSG00000127837	1e-06	3	0.000697427704927543	FALSE
ENSG00000127837	1e-05	3	0.0069307736273766	FALSE
ENSG00000127837	5e-05	3	0.0337190711408718	FALSE
ENSG00000132718	1e-06	3	0.000416493417722367	FALSE
ENSG00000132718	1e-05	3	0.00414938047034196	FALSE
ENSG00000132718	5e-05	3	0.020408177184334	FALSE
ENSG00000213976	1e-06	3	0.000978929341501663	FALSE
ENSG00000213976	1e-05	3	0.00970379940932412	FALSE
ENSG00000213976	5e-05	3	0.0467060908975661	FALSE
ENSG00000234198	1e-06	3	2.39100193123281e-07	FALSE
ENSG00000234198	1e-05	3	2.39099678604266e-06	FALSE
ENSG00000234198	5e-05	3	1.19548695939942e-05	FALSE
ENSG00000228157	1e-06	3	0.00110304466320868	FALSE
ENSG00000228157	1e-05	3	0.0109220193556316	FALSE
ENSG00000228157	5e-05	3	0.052324155041631	FALSE
ENSG00000270062	1e-06	3	5.77772972730478e-07	FALSE
ENSG00000270062	1e-05	3	5.77769968351625e-06	FALSE
ENSG00000270062	5e-05	3	2.88878307967374e-05	FALSE
ENSG00000169398	1e-06	3	0.00209803346432322	FALSE
ENSG00000169398	1e-05	3	0.0205915193727055	FALSE
ENSG00000169398	5e-05	3	0.0951227121808984	FALSE
ENSG00000167523	1e-06	3	0.00102045860906106	FALSE
ENSG00000167523	1e-05	3	0.0101117187763114	FALSE
ENSG00000167523	5e-05	3	0.0485931527031999	FALSE
ENSG00000197057	1e-06	3	0.000429725052749076	FALSE
ENSG00000197057	1e-05	3	0.00428069483118156	FALSE
ENSG00000197057	5e-05	3	0.0210431568252927	FALSE
ENSG00000145982	1e-06	3	0.0017914069585285	FALSE
ENSG00000145982	1e-05	3	0.0176298297874542	FALSE
ENSG00000145982	5e-05	3	0.08234241770366	FALSE
ENSG00000107960	1e-06	3	1.44941077282058e-16	FALSE
ENSG00000107960	1e-05	3	1.44941077282056e-15	FALSE
ENSG00000107960	5e-05	3	7.24705386410295e-15	FALSE
ENSG00000157045	1e-06	3	0.000532228188786097	FALSE
ENSG00000157045	1e-05	3	0.00529690940736057	FALSE
ENSG00000157045	5e-05	3	0.0259350447076342	FALSE
ENSG00000076067	1e-06	3	9.56790733139366e-05	FALSE
ENSG00000076067	1e-05	3	0.000955967538346365	FALSE
ENSG00000076067	5e-05	3	0.00476162983751196	FALSE
ENSG00000150477	1e-06	3	0.000397848005949474	FALSE
ENSG00000150477	1e-05	3	0.00396428541207885	FALSE
ENSG00000150477	5e-05	3	0.01951202216114	FALSE
ENSG00000143612	1e-06	3	5.34436831512148e-10	FALSE
ENSG00000143612	1e-05	3	5.34436828941545e-09	FALSE
ENSG00000143612	5e-05	3	2.67218408758322e-08	FALSE
ENSG00000164048	1e-06	3	1.33312276902502e-05	FALSE
ENSG00000164048	1e-05	3	0.000133296283874475	FALSE
ENSG00000164048	5e-05	3	0.000666126250757619	FALSE
ENSG00000017797	1e-06	3	0.000494094024363161	FALSE
ENSG00000017797	1e-05	3	0.00491906591396974	FALSE
ENSG00000017797	5e-05	3	0.0241207238478478	FALSE
ENSG00000204472	1e-06	3	3.95399472984584e-14	FALSE
ENSG00000204472	1e-05	3	3.95399472984434e-13	FALSE
ENSG00000204472	5e-05	3	1.97699736491906e-12	FALSE
ENSG00000266805	1e-06	3	0.000421628944203917	FALSE
ENSG00000266805	1e-05	3	0.0042003505377764	FALSE
ENSG00000266805	5e-05	3	0.0206547243586128	FALSE
ENSG00000138069	1e-06	3	0.00126252883722549	FALSE
ENSG00000138069	1e-05	3	0.012483442022385	FALSE
ENSG00000138069	5e-05	3	0.0594487119177998	FALSE
ENSG00000103355	1e-06	3	2.417371991406e-06	FALSE
ENSG00000103355	1e-05	3	2.4173193993641e-05	FALSE
ENSG00000103355	5e-05	3	0.000120854284231974	FALSE
ENSG00000237886	1e-06	3	0.000523208797194209	FALSE
ENSG00000237886	1e-05	3	0.00520756617204238	FALSE
ENSG00000237886	5e-05	3	0.0255065232300583	FALSE
ENSG00000188672	1e-06	3	4.21368472117082e-09	FALSE
ENSG00000188672	1e-05	3	4.21368456137459e-08	FALSE
ENSG00000188672	5e-05	3	2.10684192558461e-07	FALSE
ENSG00000072110	1e-06	3	3.02646342215376e-06	FALSE
ENSG00000072110	1e-05	3	3.02638098907146e-05	FALSE
ENSG00000072110	5e-05	3	0.000151300733707006	FALSE
ENSG00000154328	1e-06	3	6.0900297194801e-05	FALSE
ENSG00000154328	1e-05	3	0.000608669358644457	FALSE
ENSG00000154328	5e-05	3	0.00303595522155193	FALSE
ENSG00000131409	1e-06	3	2.02510206426376e-09	FALSE
ENSG00000131409	1e-05	3	2.02510202735442e-08	FALSE
ENSG00000131409	5e-05	3	1.01255093165646e-07	FALSE
ENSG00000085721	1e-06	3	0.000563288549691718	FALSE
ENSG00000085721	1e-05	3	0.00560447307731362	FALSE
ENSG00000085721	5e-05	3	0.0274079372019558	FALSE
ENSG00000259984	1e-06	3	4.40405105854952e-09	FALSE
ENSG00000259984	1e-05	3	4.40405088398852e-08	FALSE
ENSG00000259984	5e-05	3	2.20202505408105e-07	FALSE
ENSG00000269982	1e-06	3	0.00110211951355907	FALSE
ENSG00000269982	1e-05	3	0.0109129487714672	FALSE
ENSG00000269982	5e-05	3	0.0522825180910522	FALSE
ENSG00000249601	1e-06	3	0.00075176155698322	FALSE
ENSG00000249601	1e-05	3	0.0074670942998989	FALSE
ENSG00000249601	5e-05	3	0.036252663278211	FALSE
ENSG00000248092	1e-06	3	0.00152514211372064	FALSE
ENSG00000248092	1e-05	3	0.0150449104978298	FALSE
ENSG00000248092	5e-05	3	0.0709545340333607	FALSE
ENSG00000084764	1e-06	3	4.08369867388349e-46	FALSE
ENSG00000084764	1e-05	3	4.08369867388345e-45	FALSE
ENSG00000084764	5e-05	3	2.04184933694176e-44	FALSE
ENSG00000241852	1e-06	3	9.08750313057691e-05	FALSE
ENSG00000241852	1e-05	3	0.0009080076760238	FALSE
ENSG00000241852	5e-05	3	0.00452360849517108	FALSE
ENSG00000164626	1e-06	3	0.00061835770196827	FALSE
ENSG00000164626	1e-05	3	0.00614935451315461	FALSE
ENSG00000164626	5e-05	3	0.0300086375624597	FALSE
ENSG00000204653	1e-06	3	1.93342083856986e-09	FALSE
ENSG00000204653	1e-05	3	1.93342080492678e-08	FALSE
ENSG00000204653	5e-05	3	9.66710327701059e-08	FALSE
ENSG00000189091	1e-06	3	0.00257289311527452	FALSE
ENSG00000189091	1e-05	3	0.0251466347225946	FALSE
ENSG00000189091	5e-05	3	0.114241969322775	FALSE
ENSG00000132589	1e-06	3	0.000760904634901216	FALSE
ENSG00000132589	1e-05	3	0.00755729293601129	FALSE
ENSG00000132589	5e-05	3	0.036677727360495	FALSE
ENSG00000067369	1e-06	3	0.000589697520425173	FALSE
ENSG00000067369	1e-05	3	0.00586584354371535	FALSE
ENSG00000067369	5e-05	3	0.0286568317525018	FALSE
ENSG00000165475	1e-06	3	0.000526580070074408	FALSE
ENSG00000165475	1e-05	3	0.00524096262255861	FALSE
ENSG00000165475	5e-05	3	0.0256667394249172	FALSE
ENSG00000167778	1e-06	3	8.28306263379688e-19	FALSE
ENSG00000167778	1e-05	3	8.2830626337968e-18	FALSE
ENSG00000167778	5e-05	3	4.14153131689847e-17	FALSE
ENSG00000133065	1e-06	3	0.00194987412734355	FALSE
ENSG00000133065	1e-05	3	0.0191624617775099	FALSE
ENSG00000133065	5e-05	3	0.0889911507856805	FALSE
ENSG00000114439	1e-06	3	0.00034902073163121	FALSE
ENSG00000114439	1e-05	3	0.00347927825413584	FALSE
ENSG00000114439	5e-05	3	0.0171576069161339	FALSE
ENSG00000162877	1e-06	3	0.00194975519375961	FALSE
ENSG00000162877	1e-05	3	0.0191613131098003	FALSE
ENSG00000162877	5e-05	3	0.0889861960863583	FALSE
ENSG00000178904	1e-06	3	0.000512888649098934	FALSE
ENSG00000178904	1e-05	3	0.00510532034330252	FALSE
ENSG00000178904	5e-05	3	0.0250157480860849	FALSE
ENSG00000067208	1e-06	3	0.00193630827664595	FALSE
ENSG00000067208	1e-05	3	0.0190314263905321	FALSE
ENSG00000067208	5e-05	3	0.0884256657571019	FALSE
ENSG00000196865	1e-06	3	6.744587469323e-16	FALSE
ENSG00000196865	1e-05	3	6.74458746932298e-15	FALSE
ENSG00000196865	5e-05	3	3.37229373466138e-14	FALSE
ENSG00000204616	1e-06	3	0.00131825365726225	FALSE
ENSG00000204616	1e-05	3	0.01302796906186	FALSE
ENSG00000204616	5e-05	3	0.0619134207871827	FALSE
ENSG00000142657	1e-06	3	1.26292515299581e-12	FALSE
ENSG00000142657	1e-05	3	1.26292515298145e-11	FALSE
ENSG00000142657	5e-05	3	6.31462576458825e-11	FALSE
ENSG00000158941	1e-06	3	7.50449765597988e-05	FALSE
ENSG00000158941	1e-05	3	0.000749943250335358	FALSE
ENSG00000158941	5e-05	3	0.00373850159552473	FALSE
ENSG00000180385	1e-06	3	0.00114486830860488	FALSE
ENSG00000180385	1e-05	3	0.0113319210702681	FALSE
ENSG00000180385	5e-05	3	0.0542027215038396	FALSE
ENSG00000139318	1e-06	3	5.09364747405952e-30	FALSE
ENSG00000139318	1e-05	3	5.09364747405947e-29	FALSE
ENSG00000139318	5e-05	3	2.54682373702971e-28	FALSE
ENSG00000185722	1e-06	3	4.24892520815341e-06	FALSE
ENSG00000185722	1e-05	3	4.24876273407766e-05	FALSE
ENSG00000185722	5e-05	3	0.00021240203886919	FALSE
ENSG00000149100	1e-06	3	5.77570993032787e-07	FALSE
ENSG00000149100	1e-05	3	5.77567990754131e-06	FALSE
ENSG00000149100	5e-05	3	2.88777323835512e-05	FALSE
ENSG00000115694	1e-06	3	0.000966289113603375	FALSE
ENSG00000115694	1e-05	3	0.00957958132966811	FALSE
ENSG00000115694	5e-05	3	0.0461302718832784	FALSE
ENSG00000248019	1e-06	3	0.000384062871241588	FALSE
ENSG00000248019	1e-05	3	0.00382739905557982	FALSE
ENSG00000248019	5e-05	3	0.0188484333735271	FALSE
