Gene	p12	n_pairs	min_H4	limiting_pair	retained	prior_factor
NT5C2	1e-06	3	0.236321569016395	HTN_CDD	FALSE	prior1
NT5C2	1e-05	3	0.755770933905705	HTN_CDD	TRUE	prior2
NT5C2	5e-05	3	0.939293069161908	HTN_CDD	TRUE	prior3
RMC1	1e-06	3	0.148540773025158	EQTL_CDD	FALSE	prior1
RMC1	1e-05	3	0.635640692191803	EQTL_CDD	TRUE	prior2
RMC1	5e-05	3	0.897148101080772	EQTL_CDD	TRUE	prior3
CNNM2	1e-06	3	0.160377368632168	EQTL_CDD	FALSE	prior1
CNNM2	1e-05	3	0.656370673357738	EQTL_CDD	TRUE	prior2
CNNM2	5e-05	3	0.905218323820746	EQTL_CDD	TRUE	prior3
MARCKSL1P1	1e-06	3	0.197602523848098	EQTL_CDD	FALSE	prior1
MARCKSL1P1	1e-05	3	0.711203960460743	EQTL_CDD	TRUE	prior2
MARCKSL1P1	5e-05	3	0.924886899290131	EQTL_CDD	TRUE	prior3
