"File"	"Status"	"Source"	"Target"
"Figure2_chr10_NT5C2_regional_master.tsv"	"COPIED"	"D:\Bioinformatics\CDD_HTN\07_integration\figures\Human_Genomics_Figure2_regional_architecture\data\Figure2_chr10_NT5C2_regional_master.tsv"	"D:\Bioinformatics\CDD_HTN\Human_Genomics_submission_v1.1.0\frozen_data\Figure2\Figure2_chr10_NT5C2_regional_master.tsv"
"Figure2_chr18_NPC1_RMC1_regional_master.tsv"	"COPIED"	"D:\Bioinformatics\CDD_HTN\07_integration\figures\Human_Genomics_Figure2_regional_architecture\data\Figure2_chr18_NPC1_RMC1_regional_master.tsv"	"D:\Bioinformatics\CDD_HTN\Human_Genomics_submission_v1.1.0\frozen_data\Figure2\Figure2_chr18_NPC1_RMC1_regional_master.tsv"
"Figure2_chr10_H4_CS95.tsv"	"COPIED"	"D:\Bioinformatics\CDD_HTN\07_integration\figures\Human_Genomics_Figure2_regional_architecture\data\Figure2_chr10_H4_CS95.tsv"	"D:\Bioinformatics\CDD_HTN\Human_Genomics_submission_v1.1.0\frozen_data\Figure2\Figure2_chr10_H4_CS95.tsv"
"Figure2_chr18_H4_CS95.tsv"	"COPIED"	"D:\Bioinformatics\CDD_HTN\07_integration\figures\Human_Genomics_Figure2_regional_architecture\data\Figure2_chr18_H4_CS95.tsv"	"D:\Bioinformatics\CDD_HTN\Human_Genomics_submission_v1.1.0\frozen_data\Figure2\Figure2_chr18_H4_CS95.tsv"
"Figure2_GRCh37_gene_ranges_FINAL.tsv"	"COPIED"	"D:\Bioinformatics\CDD_HTN\07_integration\figures\Human_Genomics_Figure2_regional_architecture\data\Figure2_GRCh37_gene_ranges_FINAL.tsv"	"D:\Bioinformatics\CDD_HTN\Human_Genomics_submission_v1.1.0\frozen_data\Figure2\Figure2_GRCh37_gene_ranges_FINAL.tsv"
"Figure3A_candidate_count_by_prior.tsv"	"COPIED"	"D:\Bioinformatics\CDD_HTN\07_integration\figures\Human_Genomics_Figure3_prior_sensitivity\Figure3A_candidate_count_by_prior.tsv"	"D:\Bioinformatics\CDD_HTN\Human_Genomics_submission_v1.1.0\frozen_data\Figure3\Figure3A_candidate_count_by_prior.tsv"
"Figure3A_412probe_candidate_membership_by_prior.tsv"	"COPIED"	"D:\Bioinformatics\CDD_HTN\07_integration\figures\Human_Genomics_Figure3_prior_sensitivity\Figure3A_412probe_candidate_membership_by_prior.tsv"	"D:\Bioinformatics\CDD_HTN\Human_Genomics_submission_v1.1.0\frozen_data\Figure3\Figure3A_412probe_candidate_membership_by_prior.tsv"
"Figure3BC_HTN_CDD_H3_H4_by_prior.tsv"	"COPIED"	"D:\Bioinformatics\CDD_HTN\07_integration\figures\Human_Genomics_Figure3_prior_sensitivity\Figure3BC_HTN_CDD_H3_H4_by_prior.tsv"	"D:\Bioinformatics\CDD_HTN\Human_Genomics_submission_v1.1.0\frozen_data\Figure3\Figure3BC_HTN_CDD_H3_H4_by_prior.tsv"
"Figure3D_four_candidates_minimum_H4_by_prior.tsv"	"COPIED"	"D:\Bioinformatics\CDD_HTN\07_integration\figures\Human_Genomics_Figure3_prior_sensitivity\Figure3D_four_candidates_minimum_H4_by_prior.tsv"	"D:\Bioinformatics\CDD_HTN\Human_Genomics_submission_v1.1.0\frozen_data\Figure3\Figure3D_four_candidates_minimum_H4_by_prior.tsv"
"Figure3_QC_summary_FINAL_v5.tsv"	"COPIED"	"D:\Bioinformatics\CDD_HTN\07_integration\figures\Human_Genomics_Figure3_prior_sensitivity\Figure3_QC_summary_FINAL_v5.tsv"	"D:\Bioinformatics\CDD_HTN\Human_Genomics_submission_v1.1.0\frozen_data\Figure3\Figure3_QC_summary_FINAL_v5.tsv"
"Figure4A_MVP_regional_correlation.tsv"	"COPIED"	"D:\Bioinformatics\CDD_HTN\07_integration\figures\Human_Genomics_Figure4_external_evaluation\Figure4A_MVP_regional_correlation.tsv"	"D:\Bioinformatics\CDD_HTN\Human_Genomics_submission_v1.1.0\frozen_data\Figure4\Figure4A_MVP_regional_correlation.tsv"
"Figure4B_MVP_direction_concordance.tsv"	"COPIED"	"D:\Bioinformatics\CDD_HTN\07_integration\figures\Human_Genomics_Figure4_external_evaluation\Figure4B_MVP_direction_concordance.tsv"	"D:\Bioinformatics\CDD_HTN\Human_Genomics_submission_v1.1.0\frozen_data\Figure4\Figure4B_MVP_direction_concordance.tsv"
"Figure4C_discovery_vs_UKB_M50_H4.tsv"	"COPIED"	"D:\Bioinformatics\CDD_HTN\07_integration\figures\Human_Genomics_Figure4_external_evaluation\Figure4C_discovery_vs_UKB_M50_H4.tsv"	"D:\Bioinformatics\CDD_HTN\Human_Genomics_submission_v1.1.0\frozen_data\Figure4\Figure4C_discovery_vs_UKB_M50_H4.tsv"
"Figure4_QC_summary_FINAL_v3.tsv"	"COPIED"	"D:\Bioinformatics\CDD_HTN\07_integration\figures\Human_Genomics_Figure4_external_evaluation\Figure4_QC_summary_FINAL_v3.tsv"	"D:\Bioinformatics\CDD_HTN\Human_Genomics_submission_v1.1.0\frozen_data\Figure4\Figure4_QC_summary_FINAL_v3.tsv"
"Figure2_regional_architecture_Human_Genomics_FINAL_v3.pdf"	"COPIED"	"D:\Bioinformatics\CDD_HTN\07_integration\figures\Human_Genomics_Figure2_regional_architecture\Figure2_regional_architecture_Human_Genomics_FINAL_v3.pdf"	"D:\Bioinformatics\CDD_HTN\Human_Genomics_submission_v1.1.0\figures\Figure2_regional_architecture_Human_Genomics_FINAL_v3.pdf"
"Figure3_prior_sensitivity_Human_Genomics_FINAL_v5.pdf"	"COPIED"	"D:\Bioinformatics\CDD_HTN\07_integration\figures\Human_Genomics_Figure3_prior_sensitivity\Figure3_prior_sensitivity_Human_Genomics_FINAL_v5.pdf"	"D:\Bioinformatics\CDD_HTN\Human_Genomics_submission_v1.1.0\figures\Figure3_prior_sensitivity_Human_Genomics_FINAL_v5.pdf"
"Figure4_external_genetic_evaluation_Human_Genomics_FINAL_v3.pdf"	"COPIED"	"D:\Bioinformatics\CDD_HTN\07_integration\figures\Human_Genomics_Figure4_external_evaluation\Figure4_external_genetic_evaluation_Human_Genomics_FINAL_v3.pdf"	"D:\Bioinformatics\CDD_HTN\Human_Genomics_submission_v1.1.0\figures\Figure4_external_genetic_evaluation_Human_Genomics_FINAL_v3.pdf"
